{"cameraMode":{"drawMode":0,"name":"Shaded","section":"Shading Mode"},"sceneLighting":true,"audioPlay":false,"sceneViewState":{"showFog":true,"showMaterialUpdate":false,"showSkybox":true,"showFlares":true,"showImageEffects":true,"showParticleSystems":true},"in2DMode":false,"pivot":{"x":12.951541900634766,"y":-13.838241577148438,"z":3.835430860519409},"rotation":{"x":0.6800545454025269,"y":0.03819015994668007,"z":-0.035527024418115619,"w":0.7313038110733032},"size":35.88155746459961,"orthographic":false}